SubjID,Sex,Grade,Age,IQ,Reading_speed,Sound_change,Eyetracker
28_norm1,fem,1,7,35,93,0.95,1000Plus
29_norm1,fem,1,8,34,33,0.71,1000Plus
34_norm1,fem,1,7,34,79,0.95,1000Plus
36_norm1,fem,1,7,32,74,0.83,1000Plus
42_norm1,fem,1,7,30,113,1,1000Plus
45_norm1,fem,1,7,32,31,0.85,1000Plus
m57,fem,1,7,31,55,0.7,PortableDuo
m62,fem,1,8,34,69,0.6,PortableDuo
m63,fem,1,7,23,44,0.62,PortableDuo
m95,fem,1,7,35,94,0.62,PortableDuo
s127,fem,1,8,35,143,0.91,PortableDuo
s130,fem,1,8,32,44,0.79,PortableDuo
s144,fem,1,7,20,33,0.16,PortableDuo
s150,fem,1,7,33,101,0.7,PortableDuo
s152,fem,1,7,33,40,0.45,PortableDuo
s153,fem,1,8,36,108,0.83,PortableDuo
s36,fem,1,7,29,77,0.75,PortableDuo
s44,fem,1,8,29,48,0.83,PortableDuo
s45,fem,1,7,31,55,0.95,PortableDuo
s68,fem,1,7,28,45,0.45,PortableDuo
s9,fem,1,7,30,59,0.58,PortableDuo
varya_norm1,fem,1,7,34,56,0.92,1000Plus
30_norm1,masc,1,7,31,34,0.5,1000Plus
31_norm1,masc,1,8,36,96,0.96,1000Plus
32_norm1,masc,1,8,24,36,0.7,1000Plus
38_norm1,masc,1,7,27,40,0.13,1000Plus
39_norm1,masc,1,8,34,61,0.89,1000Plus
40_norm1,masc,1,8,25,68,0.17,1000Plus
43_norm1,masc,1,7,33,130,0.64,1000Plus
m12,masc,1,6,29,54,0.75,PortableDuo
m33,masc,1,7,33,114,0.87,PortableDuo
m44,masc,1,7,25,35,0.54,PortableDuo
m68,masc,1,7,29,64,1,PortableDuo
m76,masc,1,7,27,42,0.83,PortableDuo
m85,masc,1,7,33,93,0.95,PortableDuo
s11,masc,1,7,26,38,0.7,PortableDuo
s13,masc,1,7,27,59,0.45,PortableDuo
s132,masc,1,8,33,79,0.75,PortableDuo
s146,masc,1,8,29,42,0.62,PortableDuo
s155,masc,1,7,24,48,0.85,PortableDuo
s169,masc,1,7,32,52,0.72,PortableDuo
s2,masc,1,8,31,62,0.62,PortableDuo
s28,masc,1,7,27,65,0.79,PortableDuo
s3,masc,1,7,29,58,0.62,PortableDuo
s30,masc,1,7,29,75,0.79,PortableDuo
s33,masc,1,7,23,52,0.7,PortableDuo
s41,masc,1,8,26,71,0.85,PortableDuo
s6,masc,1,7,29,62,0.64,PortableDuo
s67,masc,1,8,26,32,0,PortableDuo
s87,masc,1,8,31,41,0.08,PortableDuo
s88,masc,1,8,20,41,0.75,PortableDuo
11_norm1,fem,2,9,28,71,0.91,1000Plus
20_norm1,fem,2,9,29,68,0.91,1000Plus
23_norm1,fem,2,9,31,95,0.87,1000Plus
26_norm1,fem,2,8,31,73,0.93,1000Plus
8_norm1,fem,2,8,23,61,0.12,1000Plus
9_norm1,fem,2,8,30,61,0.91,1000Plus
m3,fem,2,8,29,76,0.79,PortableDuo
m35,fem,2,8,25,80,0.91,PortableDuo
m6,fem,2,8,25,114,0.75,PortableDuo
m91,fem,2,8,33,66,1,PortableDuo
m99,fem,2,8,32,69,0.95,PortableDuo
s100,fem,2,9,32,77,0.87,PortableDuo
s101,fem,2,8,31,79,0.91,PortableDuo
s112,fem,2,9,33,104,0.75,PortableDuo
s128,fem,2,9,30,63,0.58,PortableDuo
s170,fem,2,8,34,60,0.54,PortableDuo
s173,fem,2,8,33,99,0.89,PortableDuo
s19,fem,2,8,36,69,0.66,PortableDuo
s20,fem,2,8,32,70,0.77,PortableDuo
s21,fem,2,8,32,65,0.85,PortableDuo
s50,fem,2,9,30,121,0.89,PortableDuo
s51,fem,2,9,35,116,0.62,PortableDuo
s72,fem,2,8,34,90,0.93,PortableDuo
s84,fem,2,8,33,62,0.7,PortableDuo
12_norm1,masc,2,8,32,60,0.62,1000Plus
13_norm1,masc,2,8,26,87,0.75,1000Plus
17_norm1,masc,2,8,27,60,0.87,1000Plus
18_norm1,masc,2,9,34,82,1,1000Plus
19_norm1,masc,2,9,35,77,0.95,1000Plus
22_norm1,masc,2,8,27,69,0.64,1000Plus
25_norm1,masc,2,8,34,73,0.79,1000Plus
m10,masc,2,8,34,63,0.62,PortableDuo
m22,masc,2,8,34,116,0.5,PortableDuo
m24,masc,2,8,31,72,0.66,PortableDuo
m72,masc,2,9,33,89,0.62,PortableDuo
m83,masc,2,9,25,98,1,PortableDuo
s138,masc,2,9,28,81,0.7,PortableDuo
s182,masc,2,8,33,70,0.85,PortableDuo
s61,masc,2,9,32,96,0.91,PortableDuo
s92,masc,2,8,34,60,0.54,PortableDuo
15_norm1,fem,3,9,33,128,0.95,1000Plus
3_norm1,fem,3,9,29,104,0.77,1000Plus
4_norm1,fem,3,9,35,128,0.93,1000Plus
5_norm1,fem,3,9,35,97,1,1000Plus
m102,fem,3,9,33,77,0.87,PortableDuo
m19,fem,3,9,30,98,0.95,PortableDuo
m5,fem,3,9,31,109,0.66,PortableDuo
m51,fem,3,9,32,84,0.75,PortableDuo
m71,fem,3,9,33,96,0.81,PortableDuo
s113,fem,3,10,27,91,0.75,PortableDuo
s136,fem,3,10,32,75,0.91,PortableDuo
s143,fem,3,10,30,102,0.7,PortableDuo
s176,fem,3,9,34,84,0.81,PortableDuo
s23,fem,3,9,25,97,0.5,PortableDuo
s31,fem,3,9,34,109,0.89,PortableDuo
s37,fem,3,9,32,78,0.91,PortableDuo
s57,fem,3,10,28,115,0.83,PortableDuo
s60,fem,3,10,34,87,0.95,PortableDuo
s89,fem,3,10,30,107,0.83,PortableDuo
16_norm1,masc,3,9,28,97,0.91,1000Plus
2_norm1,masc,3,9,32,97,0.83,1000Plus
m101,masc,3,9,34,98,1,PortableDuo
m15,masc,3,9,25,78,0.91,PortableDuo
m20,masc,3,9,34,103,0.66,PortableDuo
m42,masc,3,10,34,82,0.7,PortableDuo
m45,masc,3,9,21,83,0.58,PortableDuo
m70,masc,3,9,31,96,0.62,PortableDuo
m86,masc,3,9,23,88,0.75,PortableDuo
s111,masc,3,9,32,90,0.75,PortableDuo
s137,masc,3,10,34,75,0.81,PortableDuo
s15,masc,3,9,35,76,0.87,PortableDuo
s172,masc,3,9,33,92,0.81,PortableDuo
s18,masc,3,10,31,110,0.91,PortableDuo
s24,masc,3,9,35,86,0.81,PortableDuo
s32,masc,3,10,35,108,0.81,PortableDuo
s64,masc,3,10,32,96,0.95,PortableDuo
s75,masc,3,9,30,115,0.83,PortableDuo
10,fem,4,10,23,102,0.91,PortableDuo
108,fem,4,10,34,139,0.95,PortableDuo
12t,fem,4,10,36,138,1,PortableDuo
16t,fem,4,11,33,99,0.7,PortableDuo
4,fem,4,10,33,128,0.95,PortableDuo
6,fem,4,9,33,117,1,PortableDuo
9,fem,4,10,29,116,0.95,PortableDuo
m11,fem,4,10,36,135,0.83,PortableDuo
m111,fem,4,11,30,96,0.83,PortableDuo
m58,fem,4,9,35,96,0.79,PortableDuo
m84,fem,4,10,34,123,0.91,PortableDuo
m89,fem,4,10,34,104,0.87,PortableDuo
s129,fem,4,11,35,91,0.77,PortableDuo
s140,fem,4,10,28,143,0.83,PortableDuo
s147,fem,4,11,29,89,0.95,PortableDuo
s165,fem,4,9,25,146,0.58,PortableDuo
s69,fem,4,10,31,114,0.79,PortableDuo
s94,fem,4,10,36,154,0.75,PortableDuo
11,masc,4,10,34,110,0.79,PortableDuo
17t,masc,4,10,27,104,0.95,PortableDuo
2,masc,4,10,34,131,0.83,PortableDuo
3,masc,4,10,36,93,0.91,PortableDuo
m104,masc,4,11,34,105,0.87,PortableDuo
m112,masc,4,11,33,91,0.87,PortableDuo
m13,masc,4,10,34,131,0.87,PortableDuo
m48,masc,4,10,32,96,0.87,PortableDuo
m53,masc,4,10,35,106,0.7,PortableDuo
m80,masc,4,10,23,102,0.91,PortableDuo
m82,masc,4,10,24,134,0.87,PortableDuo
m93,masc,4,10,33,163,0.75,PortableDuo
s104,masc,4,10,33,167,0.7,PortableDuo
s106,masc,4,10,32,113,0.87,PortableDuo
s116,masc,4,10,33,111,0.83,PortableDuo
s134,masc,4,11,30,147,0.91,PortableDuo
s156,masc,4,11,33,117,0.83,PortableDuo
s171,masc,4,10,32,117,0.87,PortableDuo
s40,masc,4,11,36,129,0.91,PortableDuo
s55,masc,4,10,32,122,0.95,PortableDuo
s97,masc,4,11,30,133,1,PortableDuo
m17,fem,5,11,32,121,1,PortableDuo
m23,fem,5,12,33,128,0.79,PortableDuo
m26,fem,5,10,34,131,0.83,PortableDuo
m34,fem,5,11,31,96,0.95,PortableDuo
s124,fem,5,11,29,103,0.87,PortableDuo
s139,fem,5,12,36,113,0.95,PortableDuo
s149,fem,5,11,30,141,0.91,PortableDuo
s159,fem,5,10,34,210,0.87,PortableDuo
s35,fem,5,11,35,96,1,PortableDuo
s5,fem,5,10,31,168,0.83,PortableDuo
s53,fem,5,11,34,101,0.95,PortableDuo
s7,fem,5,11,33,82,0.64,PortableDuo
m106,masc,5,11,34,115,0.87,PortableDuo
m21,masc,5,11,32,125,0.95,PortableDuo
m31,masc,5,14,30,105,0.62,PortableDuo
m40t,masc,5,11,35,100,0.95,PortableDuo
m47,masc,5,12,33,79,0.91,PortableDuo
m65,masc,5,11,29,120,0.91,PortableDuo
m69,masc,5,11,32,166,0.83,PortableDuo
m97,masc,5,11,35,105,0.87,PortableDuo
s115,masc,5,12,36,161,0.91,PortableDuo
s42,masc,5,11,35,119,0.91,PortableDuo
s49,masc,5,12,33,118,0.83,PortableDuo
s54,masc,5,12,32,169,0.95,PortableDuo
s77,masc,5,12,35,111,0.89,PortableDuo
s78,masc,5,12,33,86,0.95,PortableDuo
s8,masc,5,11,28,102,0.83,PortableDuo
s82,masc,5,11,32,131,0.91,PortableDuo
s86,masc,5,11,34,118,0.87,PortableDuo
s95,masc,5,12,35,156,0.83,PortableDuo
s96,masc,5,11,32,121,0.95,PortableDuo
m56,fem,6,12,36,168,0.95,PortableDuo
russir25,fem,6,12,32,153,,1000PlusS
russir28,fem,6,11,30,131,,1000PlusS
russir29,fem,6,12,34,118,,1000PlusS
russir32,fem,6,12,34,127,,1000PlusS
russir37,fem,6,12,34,162,,1000PlusS
s160,fem,6,12,35,150,0.91,PortableDuo
s162,fem,6,11,34,139,0.7,PortableDuo
s74,fem,6,13,35,115,0.83,PortableDuo
s90,fem,6,13,28,141,0.83,PortableDuo
m100,masc,6,12,34,126,0.91,PortableDuo
m29,masc,6,12,34,95,0.95,PortableDuo
m59,masc,6,12,34,141,0.87,PortableDuo
m60,masc,6,12,35,110,0.75,PortableDuo
m67,masc,6,12,32,116,0.91,PortableDuo
m94,masc,6,12,35,100,0.83,PortableDuo
s121,masc,6,12,34,106,0.83,PortableDuo
s158,masc,6,12,35,88,0.83,PortableDuo
s163,masc,6,12,30,94,0.66,PortableDuo
s179,masc,6,11,31,114,0.62,PortableDuo
s180,masc,6,11,34,86,0.87,PortableDuo
s65,masc,6,12,36,123,0.87,PortableDuo
s83,masc,6,13,33,156,0.91,PortableDuo
s91,masc,6,13,27,132,0.91,PortableDuo